Type,Name,Request Count,Failure Count,Median Response Time,Average Response Time,Min Response Time,Max Response Time,Average Content Size,Requests/s,Failures/s,50%,66%,75%,80%,90%,95%,98%,99%,99.9%,99.99%,100%
POST,POST /v1/optimize [hot],271,0,8,11.992551660426374,6.038099993020296,84.96479998575523,656.0,19.342432856150065,0.0,8,9,11,12,18,23,79,83,85,85,85
POST,POST /v1/prompts [seed],12,0,9,9.130433332757093,8.152000023983419,11.703600001055747,34.0,0.8564914917852426,0.0,9,9,9,9,9,12,12,12,12,12,12
PUT,PUT /v1/optimize/config,1,0,21.452899964060634,21.452899964060634,21.452899964060634,21.452899964060634,507.0,0.07137429098210356,0.0,21,21,21,21,21,21,21,21,21,21,21
,Aggregated,284,0,8,11.904928168777088,6.038099993020296,84.96479998575523,629.193661971831,20.27029863891741,0.0,8,9,10,12,18,21,79,83,85,85,85
