Type,Name,Request Count,Failure Count,Median Response Time,Average Response Time,Min Response Time,Max Response Time,Average Content Size,Requests/s,Failures/s,50%,66%,75%,80%,90%,95%,98%,99%,99.9%,99.99%,100%
POST,POST /optimize [hot],962,0,17,25.805415072538377,6.473199988249689,238.36049999226816,734.0,68.46754245308888,0.0,17,24,31,35,49,66,100,210,240,240,240
POST,POST /prompts [seed],12,0,8,8.209816665233424,7.084499986376613,10.04680001642555,34.0,0.8540649786248093,0.0,8,8,9,9,9,10,10,10,10,10,10
PUT,PUT /optimize/config,1,0,19.83110001310706,19.83110001310706,19.83110001310706,19.83110001310706,507.0,0.07117208155206745,0.0,20,20,20,20,20,20,20,20,20,20,20
,Aggregated,975,0,17,25.582726358746488,6.473199988249689,238.36049999226816,725.1517948717949,69.39277951326576,0.0,17,24,31,35,49,66,100,210,240,240,240
