Type,Name,Request Count,Failure Count,Median Response Time,Average Response Time,Min Response Time,Max Response Time,Average Content Size,Requests/s,Failures/s,50%,66%,75%,80%,90%,95%,98%,99%,99.9%,99.99%,100%
POST,POST /optimize [cold],2,0,2700,6947.016950012767,2653.644300007727,11240.389600017807,2073.5,0.17611040658758018,0.0,11000,11000,11000,11000,11000,11000,11000,11000,11000,11000,11000
POST,POST /prompts [seed],12,0,8,7.680850001634099,6.672499992419034,8.47179998527281,34.0,1.0566624395254811,0.0,8,8,8,8,8,8,8,8,8,8,8
PUT,PUT /optimize/config,1,0,17.953100003069267,17.953100003069267,17.953100003069267,17.953100003069267,507.0,0.08805520329379009,0.0,18,18,18,18,18,18,18,18,18,18,18
,Aggregated,15,0,8,933.6104800032141,6.672499992419034,11240.389600017807,337.46666666666664,1.3208280494068514,0.0,8,8,8,18,2700,11000,11000,11000,11000,11000,11000
