Type,Name,Request Count,Failure Count,Median Response Time,Average Response Time,Min Response Time,Max Response Time,Average Content Size,Requests/s,Failures/s,50%,66%,75%,80%,90%,95%,98%,99%,99.9%,99.99%,100%
GET,GET /prompts [hot],369,0,10,12.834544444938132,4.297599982237443,68.87789999018423,4146.0,26.284003192396938,0.0,10,13,14,17,22,33,39,45,69,69,69
GET,GET /prompts/search [hot],281,0,11,13.343043771702497,4.473300010431558,84.56320001278073,5115.0,20.015731428356478,0.0,11,13,16,17,20,27,45,83,85,85,85
GET,GET /prompts/{project}/{name} [hot],435,0,10,13.22832965484724,4.0822000009939075,76.4066000119783,425.0,30.985207015427285,0.0,10,13,15,17,23,31,59,65,76,76,76
GET,GET /prompts/{project}/{name}/versions [hot],216,0,10,11.91134351864565,4.367100016679615,43.85230000480078,272.0,15.385757966281135,0.0,10,13,14,16,19,24,28,31,44,44,44
POST,POST /optimize [hot],55,0,18,21.04519272741692,7.121099974028766,56.05939999804832,734.0,3.917669852525289,0.0,18,23,25,34,40,49,56,56,56,56,56
POST,POST /prompts [seed],12,0,9,9.561366665972551,7.875999988755211,12.151800008723512,34.0,0.854764331460063,0.0,9,9,10,10,12,12,12,12,12,12,12
PUT,PUT /optimize/config,1,0,20.915500004775822,20.915500004775822,20.915500004775822,20.915500004775822,507.0,0.07123036095500526,0.0,21,21,21,21,21,21,21,21,21,21,21
,Aggregated,1369,0,11,13.22545894807959,4.0822000009939075,84.56320001278073,2375.5303140978817,97.51436414740219,0.0,11,13,15,17,22,31,44,59,84,85,85
