Type,Name,Request Count,Failure Count,Median Response Time,Average Response Time,Min Response Time,Max Response Time,Average Content Size,Requests/s,Failures/s,50%,66%,75%,80%,90%,95%,98%,99%,99.9%,99.99%,100%
GET,GET /prompts [hot],617,0,26,28.358628037844134,5.10849998681806,106.0769000032451,4146.0,43.95122787633765,0.0,26,33,38,40,50,58,68,90,110,110,110
GET,GET /prompts/search [hot],474,0,23,27.00867658279117,5.294100003084168,115.51149998558685,5115.0,33.76480066999035,0.0,24,31,35,39,47,56,77,89,120,120,120
GET,GET /prompts/{project}/{name} [hot],760,0,25,26.97469815730552,4.692400019848719,114.9044000194408,425.0,54.13765508268495,0.0,25,31,35,38,45,54,68,89,110,110,110
GET,GET /prompts/{project}/{name}/versions [hot],317,0,23,25.944505046615348,4.864799993811175,79.97340001747943,272.0,22.581100870014644,0.0,23,31,35,38,44,53,63,69,80,80,80
POST,POST /optimize [hot],96,0,48,46.52626562528894,7.946900004753843,111.08649999368936,734.0,6.838440642023362,0.0,49,56,60,64,78,88,100,110,110,110,110
POST,POST /prompts [seed],12,0,8,8.417041666689329,7.53840000834316,9.132100007263944,34.0,0.8548050802529202,0.0,9,9,9,9,9,9,9,9,9,9,9
PUT,PUT /optimize/config,1,0,19.89049999974668,19.89049999974668,19.89049999974668,19.89049999974668,507.0,0.07123375668774336,0.0,20,20,20,20,20,20,20,20,20,20,20
,Aggregated,2277,0,25,27.936750724176488,4.692400019848719,115.51149998558685,2399.2951251646905,162.19926397799162,0.0,25,32,37,40,49,58,73,89,110,120,120
