Type,Name,Request Count,Failure Count,Median Response Time,Average Response Time,Min Response Time,Max Response Time,Average Content Size,Requests/s,Failures/s,50%,66%,75%,80%,90%,95%,98%,99%,99.9%,99.99%,100%
GET,GET /prompts [hot],640,0,110,102.09181546892978,5.811000009998679,197.6159999903757,4146.0,45.65940058588378,0.0,110,120,120,130,140,150,160,180,200,200,200
GET,GET /prompts/search [hot],467,0,110,100.85996509678223,5.208899994613603,196.5980000095442,5115.0,33.31709386501207,0.0,110,120,120,120,140,150,170,180,200,200,200
GET,GET /prompts/{project}/{name} [hot],803,0,110,101.34883374876051,4.617300000973046,223.4978000051342,425.0,57.28827917260105,0.0,110,120,120,130,140,150,160,170,220,220,220
GET,GET /prompts/{project}/{name}/versions [hot],344,0,110,96.9674011630136,5.001399986213073,214.21320000081323,272.0,24.54192781491253,0.0,110,120,120,120,130,140,160,180,210,210,210
POST,POST /optimize [hot],174,0,160,156.40273908017357,7.811999996192753,280.94760002568364,734.0,12.413649534287153,0.0,160,170,180,190,210,230,270,270,280,280,280
POST,POST /prompts [seed],12,0,8,8.55010000426167,7.577100011985749,9.516099991742522,34.0,0.8561137609853208,0.0,9,9,9,9,9,10,10,10,10,10,10
PUT,PUT /optimize/config,1,0,17.65020002494566,17.65020002494566,17.65020002494566,17.65020002494566,507.0,0.0713428134154434,0.0,18,18,18,18,18,18,18,18,18,18,18
,Aggregated,2441,0,110,104.26652728417453,4.617300000973046,280.94760002568364,2296.4436706267925,174.14780754709736,0.0,110,120,120,130,150,160,190,200,270,280,280
