Type,Name,Request Count,Failure Count,Median Response Time,Average Response Time,Min Response Time,Max Response Time,Average Content Size,Requests/s,Failures/s,50%,66%,75%,80%,90%,95%,98%,99%,99.9%,99.99%,100%
GET,GET /prompts,90,0,310,928.1625411111033,14.749900001334026,4087.5627000059467,10092.066666666668,6.692465759799805,0.0,310,390,480,850,3900,4000,4100,4100,4100,4100,4100
GET,GET /prompts/search,15,0,4600,3899.2526600001534,35.830200009513646,8112.051200005226,266949.8,1.115410959966634,0.0,4600,5000,5400,5600,5700,8100,8100,8100,8100,8100,8100
POST,POST /optimize,5,0,440,2930.5489199992735,41.915200010407716,7495.924299990293,747.6,0.3718036533222114,0.0,440,6500,6500,7500,7500,7500,7500,7500,7500,7500,7500
POST,POST /prompts,29,0,190,693.9919896600447,45.46260001370683,4206.652099994244,400.0,2.1564611892688257,0.0,190,290,350,450,3800,3900,4200,4200,4200,4200,4200
POST,POST /prompts [seed],12,0,28,29.486283337367542,25.3577999828849,34.07379999407567,34.0,0.8923287679733073,0.0,30,31,32,32,32,34,34,34,34,34,34
PUT,PUT /optimize/config,1,0,44.903800007887185,44.903800007887185,44.903800007887185,44.903800007887185,507.0,0.07436073066444226,0.0,45,45,45,45,45,45,45,45,45,45,45
PUT,PUT /prompts/{project}/{name},28,0,160,586.4350428569845,49.99769999994896,3907.233299978543,254.0,2.0821004586043834,0.0,170,210,380,520,3900,3900,3900,3900,3900,3900,3900
,Aggregated,180,0,230,1075.671396112173,14.749900001334026,8112.051200005226,27421.655555555557,13.38493151959961,0.0,240,370,490,3400,4000,4600,5700,7500,8100,8100,8100
