Type,Name,Request Count,Failure Count,Median Response Time,Average Response Time,Min Response Time,Max Response Time,Average Content Size,Requests/s,Failures/s,50%,66%,75%,80%,90%,95%,98%,99%,99.9%,99.99%,100%
GET,GET /prompts/search,2,0,80.11000000988133,88.10670001548715,80.11000000988133,96.10340002109297,274829.0,1.3384279685003992,0.0,96,96,96,96,96,96,96,96,96,96,96
POST,POST /prompts,1,0,110.65019998932257,110.65019998932257,110.65019998932257,110.65019998932257,400.0,0.6692139842501996,0.0,110,110,110,110,110,110,110,110,110,110,110
POST,POST /prompts [seed],12,0,26,29.085375002371922,9.112500003539026,61.16380001185462,34.0,8.030567811002395,0.0,26,36,43,43,45,61,61,61,61,61,61
PUT,PUT /optimize/config,1,0,1032.0793999999296,1032.0793999999296,1032.0793999999296,1032.0793999999296,507.0,0.6692139842501996,0.0,1000,1000,1000,1000,1000,1000,1000,1000,1000,1000,1000
,Aggregated,16,0,36,104.2479687530431,9.112500003539026,1032.0793999999296,34435.8125,10.707423748003194,0.0,38,45,80,80,110,1000,1000,1000,1000,1000,1000
